{"states": {"dams": [227, 10925], "connectedmiles": [2.52355493979301, 53.251837593065574]}, "HUC2": {"dams": [235, 23776], "connectedmiles": [5.082796740135565, 35.663130561711775]}, "HUC4": {"dams": [3, 7139], "connectedmiles": [1.2320517507142856, 147.8268456945428]}, "HUC8": {"dams": [1, 1493], "connectedmiles": [0.00037821199, 758.27235]}}