"NA_L1CODE","dams","connectedmiles"
"",1,1.9872299
"10",61,23.471639293260655
"15",17,7.961400923764116
"8",31980,9.508588910251422
"9",6716,10.95034123054154
