"NA_L1CODE","dams","connectedmiles"
"",4,1.9872299
"10",110,23.471639293260655
"15",98,7.961400923764116
"8",74343,9.508588910251422
"9",12600,10.95034123054154
