"NA_L2CODE","NA_L1CODE","dams","connectedmiles"
"","",4,1.9872299
"10.2","10",110,23.471639293260655
"15.4","15",98,7.961400923764116
"8.3","8",63310,7.8494217601882985
"8.4","8",8413,16.877977628469885
"8.5","8",2620,17.38660804659207
"9.2","9",3276,5.994157526886585
"9.4","9",8375,11.663840458350245
"9.5","9",305,20.658914252564134
"9.6","9",644,13.987672801085315
