NA_L2CODE,dams,connectedmiles
,1,1.9872299
10.2,61,23.471639293260655
15.4,17,7.961400923764116
8.3,26162,7.8494217601882985
8.4,4772,16.877977628469885
8.5,1046,17.38660804659207
9.2,1229,5.994157526886585
9.4,4918,11.663840458350245
9.5,128,20.658914252564134
9.6,441,13.987672801085315
