"id","dams","connectedmiles","bin"
"02",1229,10.05338590604726,1
"03",60925,5.082796733610996,8
"05",1656,35.66313054924106,2
"06",1885,17.49914348090871,4
"07",1738,13.818985417577103,3
"08",3280,18.678305929946838,6
"10",3181,7.25794824631139,5
"11",6975,19.207713377514704,8
"12",5945,15.19721028076543,7
"13",341,14.911834245627904,0
