"HUC2","dams","connectedmiles"
"02",1229,10.053385938672916
"03",60925,5.082796740135565
"05",1656,35.663130561711775
"06",1885,17.499143473891113
"07",1738,13.818985457852996
"08",3280,18.678305909333815
"10",3181,7.257948251922538
"11",6975,19.20771339144844
"12",5945,15.197210289627721
"13",341,14.91183430230894
