"id","dams","connectedmiles"
"02",1229,10.05338590604726
"03",60925,5.082796733610996
"05",1656,35.66313054924106
"06",1885,17.49914348090871
"07",1738,13.818985417577103
"08",3280,18.678305929946838
"10",3181,7.25794824631139
"11",6975,19.207713377514704
"12",5945,15.19721028076543
"13",341,14.911834245627904
