{"State": {"dams": {"range": [431, 30115], "mean": 6225.357142857143}, "connectedmiles": {"range": [2.5235549333788896, 53.25183764414111], "mean": 17.218065709571118}}, "HUC2": {"dams": {"range": [341, 60925], "mean": 8715.5}, "connectedmiles": {"range": [5.082796733610996, 35.66313054924106], "mean": 15.73704541675514}}, "HUC4": {"dams": {"range": [3, 25959], "mean": 1162.0666666666666}, "connectedmiles": {"range": [1.2320517732628755, 147.82684674707448], "mean": 20.664463919698203}}, "HUC6": {"dams": {"range": [1, 25959], "mean": 655.3007518796992}, "connectedmiles": {"range": [0.4208810765296221, 442.840526847953], "mean": 23.37308726965116}}, "HUC8": {"dams": {"range": [1, 5706], "mean": 129.8882265275708}, "connectedmiles": {"range": [0.0003782119893003255, 758.2723731994629], "mean": 28.991930986368715}}, "HUC10": {"dams": {"range": [1, 860], "mean": 23.428763440860216}, "connectedmiles": {"range": [3.311999898869544e-05, 7517.60009765625], "mean": 31.207096237811783}}, "ECO3": {"dams": {"range": [62, 29691], "mean": 2640.939393939394}, "connectedmiles": {"range": [2.73090323805809, 93.52254069866717], "mean": 20.561096214689638}}, "ECO4": {"dams": {"range": [1, 14750], "mean": 392.57207207207205}, "connectedmiles": {"range": [0.3293269872665405, 1913.865867614746], "mean": 38.68258143321736}}, "sarp": {"dams": 87155, "connectedmiles": 9.779400794383118}}