{"states": {"dams": [227, 10925], "connectedmiles": [2.52355493979301, 53.251837593065574]}, "HUC2": {"dams": [235, 23776], "connectedmiles": [5.082796740135565, 35.663130561711775]}, "HUC4": {"dams": [3, 7139], "connectedmiles": [1.2320517507142856, 147.8268456945428]}, "HUC8": {"dams": [1, 1493], "connectedmiles": [0.00037821199, 758.27235]}, "ecoregion1": {"dams": [1, 31980], "connectedmiles": [1.9872299, 23.471639293260655]}, "ecoregion2": {"dams": [1, 26162], "connectedmiles": [1.9872299, 23.471639293260655]}, "ecoregion3": {"dams": [17, 12843], "connectedmiles": [2.730903263333333, 93.52254039330002]}, "ecoregion4": {"dams": [1, 5118], "connectedmiles": [0.32932699, 1913.865875]}}