{"states": {"dams": [431, 30115], "connectedmiles": [2.52355493979301, 53.251837593065574]}, "HUC2": {"dams": [341, 60925], "connectedmiles": [5.082796740135565, 35.663130561711775]}, "HUC4": {"dams": [3, 25959], "connectedmiles": [1.2320517507142856, 147.8268456945428]}, "HUC8": {"dams": [1, 5706], "connectedmiles": [0.00037821199, 758.27235]}, "Ecoregion1": {"dams": [4, 74343], "connectedmiles": [1.9872299, 23.471639293260655]}, "Ecoregion2": {"dams": [4, 63310], "connectedmiles": [1.9872299, 23.471639293260655]}, "Ecoregion3": {"dams": [62, 29691], "connectedmiles": [2.730903263333333, 93.52254039330002]}, "Ecoregion4": {"dams": [1, 14750], "connectedmiles": [0.32932699, 1913.865875]}}