{"State": {"dams": [431, 30115], "connectedmiles": [2.5235549333788896, 53.25183764414111]}, "HUC2": {"dams": [341, 60925], "connectedmiles": [5.082796733610996, 35.66313054924106]}, "HUC4": {"dams": [3, 25959], "connectedmiles": [1.2320517732628755, 147.82684674707448]}, "HUC8": {"dams": [1, 5706], "connectedmiles": [0.0003782119893003255, 758.2723731994629]}, "ecoregion3": {"dams": [62, 29691], "connectedmiles": [2.73090323805809, 93.52254069866717]}, "ecoregion4": {"dams": [1, 14750], "connectedmiles": [0.3293269872665405, 1913.865867614746]}}